{"cameraMode":{"drawMode":0,"name":"Shaded","section":"Shading Mode"},"sceneLighting":true,"audioPlay":false,"sceneViewState":{"m_AlwaysRefresh":false,"showFog":true,"showSkybox":true,"showFlares":true,"showImageEffects":true,"showParticleSystems":true,"showVisualEffectGraphs":true,"m_FxEnabled":true},"in2DMode":false,"pivot":{"x":408.8258056640625,"y":78.0311050415039,"z":1875.5443115234375},"rotation":{"x":0.043485499918460849,"y":0.007493216544389725,"z":-0.000328967347741127,"w":0.9990361928939819},"size":1321.6834716796875,"orthographic":false}